ct_type_m,ct_label_m,ct_empty_mass_mg_o,ct_suggested_barcode_o,ct_upstream_id,aq_well_index_m,aq_well_label_o,aq_vol_ul_o,aq_mass_mg_o,aq_thaw_count,aq_msc_order_id,aq_thawed _at,aq_msc_stream_id,aq_msc_request_id,aq_solvent,cp_0_smiles_o,cp_0_source_system_id,cp_0_concentration_o,cp_0_pub_chem_id_o,cp_0_cas_number_o,cp_0_mfcd_number_o,cp_0_solubility_flag_o,cp_0_hazard_flags_o,cp_0_enamine_id,cp_0_emolecules_id,cp_0_sigma_id,cp_1_smiles_o,cp_1_source_system_id,cp_1_concentration_o,cp_1_pub_chem_id_o,cp_1_cas_number_o,cp_1_mfcd_number_o,cp_1_solubility_flag_o,cp_1_hazard_flags_o,cp_1_enamine_id,cp_1_emolecules_id,cp_1_acid_id,cp_1_sigma_id
8 v bottom,my 8 well plate,25,P000424522,4356464,A1,,12,0,2,154245,too cold,343453,1,Test value,cc.cnnnc.cc,,0.5,,,,FALSE,,,,,cnnnc.cnnna,,0.1,,,,,,,,,
8 v bottom,my 8 well plate,25,P000424522,4356464,A2,,12,0,4,154245,25C,343453,1,dmso,ccn.cnccc,,2.5,4556456747,45.34.344,,TRUE,Flammable;Oxidizer,,,,,,,,,,,,,,,
8 v bottom,my 8 well plate,25,P000424522,4356464,A3,,12,0,1,154245,-10,343453,1,DMSO,ccc.ccn,5646464,1.5,4543654656,32.41.701,,FALSE,Unknown; Temperature Sensitive,,,,,,,,,,,,,,,
8 v bottom,my 8 well plate,25,P000424522,4356464,A4,,12,0,0,154245,below -10,343453,1,DMSO 99% purity,,6573243,3.5,,,,FALSE,,,,,,,,,,,,,,,,
,,,,,,,,,,,,,,,,,,,,,,,,,,,,,,,,,,,,,
,,,,,,,,,,,,,,,,,,,,,,,,,,,,,,,,,,,,,
,,,,,,,,,,,,,,,,,,,,,,,,,,,,,,,,,,,,,
,,,ct_upstream_id,"is an arbitrary property of container as it is not configured as metadata driven property for Lilly. Since this is for plate, all values should be same.",,,,,,,,,,,,,,,,,`,,,,,,,,,,,,,,,,
,,,aq_msc_order_id,"is a metadata driven aliquot property(as the first 2 chars says ""aq"")",,,,,,,,,,,,,,,,,,,,,,,,,,,,,,,,,
,,,aq_thawed _at,is an arbitrary property of aliquot as it is not configured as metadata driven property for Lilly,,,,,,,,,,,,,,,,,,,,,,,,,,,,,,,,,