ct_type_m,ct_label_m,ct_empty_mass_mg_o,ct_suggested_barcode_0,ct_upstream_id,aq_well_index_m,aq_well_label_o,aq_vol_ul_o,aq_mass_mg_o,aq_thaw_count,aq_msc_order_id,aq_thawed _at,aq_msc_stream_id,aq_msc_request_id,aq_solvent,cp_0_smiles_o,cp_0_source_system_id,cp_0_concentration_o,cp_0_pub_chem_id_o,cp_0_cas_number_o,cp_0_mfcd_number_o,cp_0_solubility_flag_o,cp_0_hazard_flags_o,cp_0_enamine_id,cp_0_emolecules_id,cp_0_sigma_id
a1-vial,a1-vial 1001 ,10,A000424522,4356464,A1,A1,12,0,,154245,too cold,,,,C1(=C(N=NN1CC1=CC(=CC(=C1)C(F)(F)F)C(F)(F)F)C(=O)N(C)CC1=C(Cl)C=CC=C1)C1=CC=CC=N1,594413,0.5,,,,,,,,
a1-vial,a1-vial 1002,10,A000424623,345435,A1,A1,0,25,,,25C,,,,C1[C@@H](N2CCCCC2)C(=O)N(CC2=C(Cl)C=C(C3=CC=C(C=C3)C(=O)N3CCC(CC3)C(F)(F)F)C=C2Cl)C1,2521684,2.5,,,,,,,,
d1-vial,d1-vial 1003,15,A000424734,343535,A1,A1,12,0,,355352,-10,,,,C12=C(C=CC=C1C(=O)NC(C1=CC=C(C=C1)OC)C1=CC=C(C=C1)OC)SC(=C2)C1=C(C)C=NC(Cl)=N1,2520377,1.5,,,,,,,,
,,,,,,,,,,,,,,,,,,,,,,,,,
,,,,,,,,,,,,,,,,,,,,,,,,,
,,,,,,,,,,,,,,,,,,,,,,,,,
,,,,,,,,,,,,,,,,,,,,,,,,,
,,,ct_upstream_id,is an arbitrary property of container as it is not configured as metadata driven property for Lilly,,,,,,,,,,,,,,,,,,,,,
,,,aq_msc_order_id,"is a metadata driven aliquot property(as the first 2 chars says ""aq"")",,,,,,,,,,,,,,,,,,,,,
,,,aq_thawed _at,is an arbitrary property of aliquot as it is not configured as metadata driven property for Lilly,,,,,,,,,,,,,,,,,,,,,